ancienne_url,nouvelle_url
https://toputile.github.io/,https://toputile.fr/
https://toputile.github.io/categories.html,https://toputile.fr/categories.html
https://toputile.github.io/products.html,https://toputile.fr/products.html
https://toputile.github.io/guides.html,https://toputile.fr/guides.html
https://toputile.github.io/a-propos.html,https://toputile.fr/a-propos.html
https://toputile.github.io/sources.html,https://toputile.fr/sources.html
https://toputile.github.io/mentions-legales.html,https://toputile.fr/mentions-legales.html
https://toputile.github.io/confidentialite.html,https://toputile.fr/confidentialite.html
https://toputile.github.io/guides/meilleures-dashcams.html,https://toputile.fr/guides/meilleures-dashcams.html
https://toputile.github.io/guides/meilleurs-intercoms-moto.html,https://toputile.fr/guides/meilleurs-intercoms-moto.html
https://toputile.github.io/guides/meilleurs-chargeurs-batterie.html,https://toputile.fr/guides/meilleurs-chargeurs-batterie.html
https://toputile.github.io/guides/meilleur-booster-batterie.html,https://toputile.fr/guides/meilleur-booster-batterie.html
https://toputile.github.io/guides/meilleur-gonfleur-pneus.html,https://toputile.fr/guides/meilleur-gonfleur-pneus.html
https://toputile.github.io/guides/meilleur-support-telephone-voiture.html,https://toputile.fr/guides/meilleur-support-telephone-voiture.html
https://toputile.github.io/guides/accessoires-auto-indispensables.html,https://toputile.fr/guides/accessoires-auto-indispensables.html
https://toputile.github.io/produits/miracase-vent.html,https://toputile.fr/produits/miracase-vent.html
https://toputile.github.io/produits/ugreen-bluetooth-70601.html,https://toputile.fr/produits/ugreen-bluetooth-70601.html
https://toputile.github.io/produits/xiaomi-air-compressor-2.html,https://toputile.fr/produits/xiaomi-air-compressor-2.html
https://toputile.github.io/produits/bosch-easypump.html,https://toputile.fr/produits/bosch-easypump.html
https://toputile.github.io/produits/noco-gb40.html,https://toputile.fr/produits/noco-gb40.html
https://toputile.github.io/produits/gooloo-gp4000.html,https://toputile.fr/produits/gooloo-gp4000.html
https://toputile.github.io/produits/ctek-mxs5.html,https://toputile.fr/produits/ctek-mxs5.html
https://toputile.github.io/produits/noco-genius5.html,https://toputile.fr/produits/noco-genius5.html
https://toputile.github.io/produits/bosch-s5a08.html,https://toputile.fr/produits/bosch-s5a08.html
https://toputile.github.io/produits/vantrue-n4-pro.html,https://toputile.fr/produits/vantrue-n4-pro.html
https://toputile.github.io/produits/redtiger-f7np.html,https://toputile.fr/produits/redtiger-f7np.html
https://toputile.github.io/produits/70mai-a500s.html,https://toputile.fr/produits/70mai-a500s.html
https://toputile.github.io/produits/total-quartz-ineo.html,https://toputile.fr/produits/total-quartz-ineo.html
https://toputile.github.io/produits/karcher-car-kit.html,https://toputile.fr/produits/karcher-car-kit.html
https://toputile.github.io/produits/quadlock-moto-pro.html,https://toputile.fr/produits/quadlock-moto-pro.html
https://toputile.github.io/produits/spconnect-moto-mount-pro.html,https://toputile.fr/produits/spconnect-moto-mount-pro.html
https://toputile.github.io/produits/cardo-spirit-hd.html,https://toputile.fr/produits/cardo-spirit-hd.html
https://toputile.github.io/produits/sena-5s.html,https://toputile.fr/produits/sena-5s.html
https://toputile.github.io/produits/spconnect-charging-avm.html,https://toputile.fr/produits/spconnect-charging-avm.html
https://toputile.github.io/produits/muc-off-nanotech.html,https://toputile.fr/produits/muc-off-nanotech.html
https://toputile.github.io/produits/garmin-mini3.html,https://toputile.fr/produits/garmin-mini3.html
https://toputile.github.io/produits/garmin-x210.html,https://toputile.fr/produits/garmin-x210.html
https://toputile.github.io/produits/garmin-x310.html,https://toputile.fr/produits/garmin-x310.html
https://toputile.github.io/produits/70mai-a810.html,https://toputile.fr/produits/70mai-a810.html
https://toputile.github.io/produits/70mai-a510.html,https://toputile.fr/produits/70mai-a510.html
https://toputile.github.io/produits/70mai-m310.html,https://toputile.fr/produits/70mai-m310.html
https://toputile.github.io/produits/70mai-4k-omni.html,https://toputile.fr/produits/70mai-4k-omni.html
https://toputile.github.io/produits/viofo-a229-pro-2ch.html,https://toputile.fr/produits/viofo-a229-pro-2ch.html
https://toputile.github.io/produits/viofo-a229-plus-2ch.html,https://toputile.fr/produits/viofo-a229-plus-2ch.html
https://toputile.github.io/produits/viofo-a329s-2ch.html,https://toputile.fr/produits/viofo-a329s-2ch.html
https://toputile.github.io/produits/viofo-a229-ultra-2ch.html,https://toputile.fr/produits/viofo-a229-ultra-2ch.html
https://toputile.github.io/produits/viofo-a119-mini2.html,https://toputile.fr/produits/viofo-a119-mini2.html
https://toputile.github.io/produits/viofo-vs1-mini.html,https://toputile.fr/produits/viofo-vs1-mini.html
https://toputile.github.io/produits/viofo-a119-v3.html,https://toputile.fr/produits/viofo-a119-v3.html
https://toputile.github.io/produits/noco-gbx45.html,https://toputile.fr/produits/noco-gbx45.html
https://toputile.github.io/produits/noco-gbx55.html,https://toputile.fr/produits/noco-gbx55.html
https://toputile.github.io/produits/noco-genius10.html,https://toputile.fr/produits/noco-genius10.html
https://toputile.github.io/produits/ctek-cs-one-gen2.html,https://toputile.fr/produits/ctek-cs-one-gen2.html
https://toputile.github.io/produits/ctek-ct5-startstop.html,https://toputile.fr/produits/ctek-ct5-startstop.html
https://toputile.github.io/produits/ctek-ct5-powersport.html,https://toputile.fr/produits/ctek-ct5-powersport.html
https://toputile.github.io/produits/cardo-freecom-2x.html,https://toputile.fr/produits/cardo-freecom-2x.html
https://toputile.github.io/produits/cardo-freecom-4x.html,https://toputile.fr/produits/cardo-freecom-4x.html
https://toputile.github.io/produits/cardo-packtalk-edge.html,https://toputile.fr/produits/cardo-packtalk-edge.html
https://toputile.github.io/produits/sena-50s.html,https://toputile.fr/produits/sena-50s.html
https://toputile.github.io/produits/sena-50r.html,https://toputile.fr/produits/sena-50r.html
https://toputile.github.io/produits/sena-spider-st1.html,https://toputile.fr/produits/sena-spider-st1.html
https://toputile.github.io/produits/spconnect-charging-vent.html,https://toputile.fr/produits/spconnect-charging-vent.html
https://toputile.github.io/produits/spconnect-charging-suction.html,https://toputile.fr/produits/spconnect-charging-suction.html
https://toputile.github.io/produits/motul-c1-chain-clean.html,https://toputile.fr/produits/motul-c1-chain-clean.html
https://toputile.github.io/produits/motul-c2-chain-lube.html,https://toputile.fr/produits/motul-c2-chain-lube.html
https://toputile.github.io/marchands.html,https://toputile.fr/marchands.html
https://toputile.github.io/guides/equipement-auto-moto.html,https://toputile.fr/guides/equipement-auto-moto.html
